image_name,num_events
00283813.png,71
0001476912.png,45
81749056_9057.png,38
93351929_93351931.png,25
89867723.png,23
92657391.png,23
01150773_01150774.png,22
0012602424.png,18
80718412_8413.png,18
81574683.png,18
91361993.png,18
0000999294.png,17
0001438955.png,17
0060091229.png,16
0012947358.png,14
88547278_88547279.png,14
00851879.png,13
00865872.png,13
00093726.png,12
0012178355.png,12
01122115.png,12
12603270.png,12
71563825.png,12
93213298.png,12
0011505151.png,11
01197604.png,11
71206427.png,11
91161344_91161347.png,11
87533049.png,10
92094746.png,10
92094751.png,10
0011845203.png,9
0011906503.png,9
0060077689.png,9
0060207528.png,9
0060270727.png,9
81619511_9513.png,9
91391286.png,9
93380187.png,9
0000989556.png,8
0001129658.png,8
0011856542.png,8
0060025670.png,8
11508234.png,8
71108371.png,8
80310840a.png,8
87672097.png,8
92081358_1359.png,8
92314414.png,8
93455715.png,8
0001209043.png,7
0011899960.png,7
0011973451.png,7
0030031163.png,7
00836244.png,7
716552.png,7
82254638.png,7
91104867.png,7
91903177.png,7
0001456787.png,6
0060024314.png,6
0060302201.png,6
00922237.png,6
80707440_7443.png,6
89817999_8002.png,6
91391310.png,6
92039708_9710.png,6
92091873.png,6
92327794.png,6
0011974919.png,5
0060214859.png,5
0060262650.png,5
0060308461.png,5
01408099_01408101.png,5
12052385.png,5
87682908.png,5
0001239897.png,4
00040534.png,4
00070353.png,4
0011976929.png,4
00836816.png,4
00837285.png,4
00866042.png,4
13149651.png,4
71202511.png,4
81186212.png,4
81619486_9488.png,4
89368010.png,4
91581919.png,4
91856041_6049.png,4
92586242.png,4
93329540.png,4
0001463282.png,3
0001485288.png,3
0011838621.png,3
0011859695.png,3
0060080406.png,3
0060094595.png,3
0060165115.png,3
00920294.png,3
01073843.png,3
71190280.png,3
81310636.png,3
89386032.png,3
91372360.png,3
91939637.png,3
91974562.png,3
0000971160.png,2
0001118259.png,2
0001123541.png,2
0001477983.png,2
0012199830.png,2
0012529284.png,2
0013255595.png,2
0060007216.png,2
0060068489.png,2
0060308251.png,2
00838511_00838525.png,2
00851772_1780.png,2
00860012_00860014.png,2
00920222.png,2
01191071_1072.png,2
11875011.png,2
91315069_91315070.png,2
91356315.png,2
91914407.png,2
92298125.png,2
92433599_92433601.png,2
92657311_7313.png,2
0000990274.png,1
0001463448.png,1
0012529295.png,1
0060000813.png,1
0060029036.png,1
0060036622.png,1
0060136394.png,1
0060255888.png,1
0071032790.png,1
0071032807.png,1
12825369.png,1
660978.png,1
80728670.png,1
88057519.png,1
